[{"model": "contenttypes.contenttype", "pk": 1, "fields": {"app_label": "auth", "model": "permission"}}, {"model": "contenttypes.contenttype", "pk": 2, "fields": {"app_label": "auth", "model": "group"}}, {"model": "contenttypes.contenttype", "pk": 3, "fields": {"app_label": "auth", "model": "user"}}, {"model": "contenttypes.contenttype", "pk": 4, "fields": {"app_label": "constance", "model": "config"}}, {"model": "contenttypes.contenttype", "pk": 5, "fields": {"app_label": "contenttypes", "model": "contenttype"}}, {"model": "contenttypes.contenttype", "pk": 6, "fields": {"app_label": "sessions", "model": "session"}}, {"model": "contenttypes.contenttype", "pk": 7, "fields": {"app_label": "admin", "model": "logentry"}}, {"model": "contenttypes.contenttype", "pk": 8, "fields": {"app_label": "crashlog", "model": "error"}}, {"model": "contenttypes.contenttype", "pk": 9, "fields": {"app_label": "django_fsm_log", "model": "statelog"}}, {"model": "contenttypes.contenttype", "pk": 10, "fields": {"app_label": "impersonate", "model": "impersonationlog"}}, {"model": "contenttypes.contenttype", "pk": 11, "fields": {"app_label": "core", "model": "category"}}, {"model": "contenttypes.contenttype", "pk": 12, "fields": {"app_label": "core", "model": "configmap"}}, {"model": "contenttypes.contenttype", "pk": 13, "fields": {"app_label": "core", "model": "country"}}, {"model": "contenttypes.contenttype", "pk": 14, "fields": {"app_label": "core", "model": "upload"}}, {"model": "contenttypes.contenttype", "pk": 15, "fields": {"app_label": "core", "model": "uploadprocessor"}}, {"model": "contenttypes.contenttype", "pk": 16, "fields": {"app_label": "core", "model": "location"}}, {"model": "contenttypes.contenttype", "pk": 17, "fields": {"app_label": "core", "model": "fieldmap"}}, {"model": "contenttypes.contenttype", "pk": 18, "fields": {"app_label": "core", "model": "boundarytype"}}, {"model": "contenttypes.contenttype", "pk": 19, "fields": {"app_label": "core", "model": "boundary"}}, {"model": "contenttypes.contenttype", "pk": 20, "fields": {"app_label": "core", "model": "uploadfieldmap"}}, {"model": "sessions.session", "pk": "2rbcv3s8zak623ydagg14t2adc8mwej3", "fields": {"session_data": "NzgzMTc1YzU1MzY5ODc0ODUyYTk1NWE0ODBkYjlkMzVlYjdjODUyZDp7IndpemFyZF91cGxvYWRfd2l6YXJkX3ZpZXciOnsic3RlcCI6InN0YXJ0Iiwic3RlcF9kYXRhIjp7fSwic3RlcF9maWxlcyI6e30sImV4dHJhX2RhdGEiOnt9fSwiX2F1dGhfdXNlcl9pZCI6IjEiLCJfYXV0aF91c2VyX2JhY2tlbmQiOiJkamFuZ28uY29udHJpYi5hdXRoLmJhY2tlbmRzLk1vZGVsQmFja2VuZCIsIl9hdXRoX3VzZXJfaGFzaCI6IjVkYTk1YzgzZDc3OWVlNzJmNGUyN2Q2OWI0OTUxNmE2MjQ5ZmU0MmQifQ==", "expire_date": "2019-04-01T11:46:06.554Z"}}, {"model": "sessions.session", "pk": "hvwrewhi4dxj47i8q3xshotodmxb8a61", "fields": {"session_data": "MzY1ZTI3ZjNjZTk3NWIwNTdjNGFlODBmNWMyNzc5ZjJjNjRjMzZiMjp7Il9hdXRoX3VzZXJfaWQiOiIxIiwiX2F1dGhfdXNlcl9iYWNrZW5kIjoiZGphbmdvLmNvbnRyaWIuYXV0aC5iYWNrZW5kcy5Nb2RlbEJhY2tlbmQiLCJfYXV0aF91c2VyX2hhc2giOiI1ZGE5NWM4M2Q3NzllZTcyZjRlMjdkNjliNDk1MTZhNjI0OWZlNDJkIiwid2l6YXJkX3VwbG9hZF93aXphcmRfdmlldyI6eyJzdGVwIjoiZmllbGRzOjAiLCJzdGVwX2RhdGEiOnsic3RhcnQiOnsiY3NyZm1pZGRsZXdhcmV0b2tlbiI6WyJTaUs3OFhtWlAzaHppREdtTThJVXJmdnNuaUY0NjNPZXp3VGtwVE91cFBHSmtGY1o0dVpKVkZFTEN3RzJRTjUwIl0sInVwbG9hZF93aXphcmRfdmlldy1jdXJyZW50X3N0ZXAiOlsic3RhcnQiXSwid2l6YXJkX2dvdG9fc3RlcCI6WyJzdWJtaXQiXX0sInNlbGVjdCI6eyJjc3JmbWlkZGxld2FyZXRva2VuIjpbInRQSzZrWm1tMVlGbHUybmpZVUIxbGQ2cUp3V0pZbnVmYTNUakJWT1JCSzR2dzRUV2dnU1FQRGZKWUtYSEk3TDEiXSwidXBsb2FkX3dpemFyZF92aWV3LWN1cnJlbnRfc3RlcCI6WyJzZWxlY3QiXSwic2VsZWN0LWZpbGVfMCI6WyJvbiJdLCJzZWxlY3QtZmlsZV8xIjpbIm9uIl0sIndpemFyZF9nb3RvX3N0ZXAiOlsic3VibWl0Il19LCJjb25maWc6MCI6eyJjc3JmbWlkZGxld2FyZXRva2VuIjpbIkZES09aMDdYSUFKRnR1TjJZRjcwQW1uQm1XYkg3cWhPbVJUMWdXenNpbThQdndqRmcxb1A0TXdVQmFjRlJheUEiXSwidXBsb2FkX3dpemFyZF92aWV3LWN1cnJlbnRfc3RlcCI6WyJjb25maWc6MCJdLCJjb25maWc6MC1wYXR0ZXJuX2ZpbHRlciI6WyJtb3pfcG9sYm5kYV9hZG0wX2NvdW50cnkuc2hwIl0sImNvbmZpZzowLWJvdW5kYXJ5X3R5cGVfcG9saWN5IjpbImdldF9vcl9jcmVhdGUiXSwiY29uZmlnOjAtY291bnRyeV9wb2xpY3kiOlsiZ2V0X29yX2NyZWF0ZSJdLCJ3aXphcmRfZ290b19zdGVwIjpbInN1Ym1pdCJdfX0sInN0ZXBfZmlsZXMiOnsic3RhcnQiOnsic3RhcnQtZmlsZSI6eyJ0bXBfbmFtZSI6Im1vel92ZXIwMV82dmE5dHRzLnppcCIsIm5hbWUiOiJtb3pfdmVyMDEuemlwIiwiY29udGVudF90eXBlIjoiYXBwbGljYXRpb24vemlwIiwic2l6ZSI6MTY0NDU4MzgsImNoYXJzZXQiOm51bGx9fSwic2VsZWN0Ijp7fSwiY29uZmlnOjAiOnt9fSwiZXh0cmFfZGF0YSI6e30sIndvcmtkaXIiOiIuL35idWlsZC93b3JrZGlyL3RtcHhiMHIxczRuIiwic2hhcGVzIjp7IjAiOiJtb3pfcG9sYm5kYV9hZG0wX2NvdW50cnkuc2hwIiwiMSI6Im1vel9wb2xibmRhX2FkbTFfcHJvdmluY2VzX1dGUF9PQ0hBX1JPU0Euc2hwIn0sImZpbGVzIjpbXSwiemlwZmlsZSI6Im1vel92ZXIwMS56aXAiLCJzZWxlY3RlZF9maWxlcyI6eyJmaWxlXzAiOnRydWUsImZpbGVfMSI6dHJ1ZSwiZmlsZV8yIjpmYWxzZSwiZmlsZV8zIjpmYWxzZX19fQ==", "expire_date": "2019-04-18T09:01:39.698Z"}}, {"model": "core.country", "pk": 1, "fields": {"created": "2019-03-16T20:33:08.910Z", "modified": "2019-03-16T20:33:08.954Z", "uuid": "65ccb495-8a17-4a72-a46e-acd13d9ca3fd", "valid_from": "2019-03-16T20:32:46Z", "valid_to": null, "state": "Active", "active": true, "name": "Mozambique", "fullname": null, "alternate_name": null, "iso_code_2": "MZ", "iso_code_3": "MOZ", "un_number": null, "continent": "AF"}}, {"model": "core.country", "pk": 9, "fields": {"created": "2019-03-19T12:32:22.164Z", "modified": "2019-03-19T12:32:22.192Z", "uuid": "053f86ab-53ea-48be-936b-3a35eca0dc2a", "valid_from": "2019-03-19T12:32:06Z", "valid_to": null, "state": "Active", "active": true, "name": "Malawi", "fullname": null, "alternate_name": null, "iso_code_2": "MW", "iso_code_3": "MWI", "un_number": null, "continent": "AF"}}, {"model": "core.country", "pk": 10, "fields": {"created": "2019-03-20T16:29:09.089Z", "modified": "2019-03-20T16:29:09.154Z", "uuid": "fbd9c4d9-62de-45ca-b798-454ff15da0cf", "valid_from": "2019-03-20T16:28:53Z", "valid_to": null, "state": "Active", "active": true, "name": "Zimbabwe", "fullname": null, "alternate_name": null, "iso_code_2": "ZW", "iso_code_3": "ZWE", "un_number": null, "continent": "AF"}}, {"model": "core.boundarytype", "pk": 25, "fields": {"created": "2019-03-21T19:30:22.432Z", "modified": "2019-03-21T19:30:22.436Z", "uuid": "fc486cbc-d4c4-45cf-995f-9d9c3c766c05", "valid_from": null, "valid_to": null, "state": "Active", "active": true, "name": "Country", "admin_level": 0, "country": 1, "parent": null, "lft": 1, "rght": 4, "tree_id": 1, "level": 0}}, {"model": "core.boundarytype", "pk": 26, "fields": {"created": "2019-03-21T19:30:25.793Z", "modified": "2019-03-21T19:30:25.801Z", "uuid": "36aee0e5-27af-47ab-8ae8-9a1e82a50351", "valid_from": null, "valid_to": null, "state": "Active", "active": true, "name": "Province", "admin_level": 1, "country": 1, "parent": 25, "lft": 2, "rght": 3, "tree_id": 1, "level": 1}}, {"model": "core.boundary", "pk": 5255, "fields": {"created": "2019-03-26T13:36:40.564Z", "modified": "2019-03-26T13:36:40.619Z", "uuid": "eff86c16-55c8-402c-952a-78a394557171", "name_en": "ADM_01", "name_fr": null, "name_es": null, "name_ar": null, "alternate_names": null, "valid_from": "2019-03-26T13:35:39Z", "valid_to": null, "state": "Active", "active": true, "geom": "SRID=4326;MULTIPOLYGON (((32.717285 -5.11283, 32.717285 -4.598327, 33.409424 -4.598327, 33.409424 -5.11283, 32.717285 -5.11283)))", "gender": "cod", "boundary_type": 25, "name": "ADM_01", "country": 1, "p_code": "PCODE_01", "parent": null, "lft": 1, "rght": 2, "tree_id": 1, "level": 0}}, {"model": "core.boundary", "pk": 5256, "fields": {"created": "2019-03-26T13:37:37.729Z", "modified": "2019-03-26T13:37:37.768Z", "uuid": "97f28085-436d-4c53-83cf-2a51c9bc97bf", "name_en": "ADM_02", "name_fr": null, "name_es": null, "name_ar": null, "alternate_names": null, "valid_from": "2019-03-26T13:36:52Z", "valid_to": null, "state": "Active", "active": true, "geom": "SRID=4326;MULTIPOLYGON (((32.178955 -5.397273, 32.178955 -4.839207, 33.024902 -4.839207, 33.024902 -5.397273, 32.178955 -5.397273)))", "gender": "cod", "boundary_type": 26, "name": "ADM_02", "country": 1, "p_code": "PCODE_02", "parent": null, "lft": 1, "rght": 2, "tree_id": 2, "level": 0}}, {"model": "core.boundary", "pk": 5257, "fields": {"created": "2019-03-26T13:45:57.685Z", "modified": "2019-03-26T13:45:57.722Z", "uuid": "794a1ee7-0427-4d04-a129-31189b3b43e1", "name_en": "ADM_01_2", "name_fr": null, "name_es": null, "name_ar": null, "alternate_names": null, "valid_from": "2019-03-26T13:45:02Z", "valid_to": null, "state": "Active", "active": true, "geom": "SRID=4326;MULTIPOLYGON (((33.376465 -5.473832, 33.376465 -5.200365, 33.717041 -5.200365, 33.717041 -5.473832, 33.376465 -5.473832)))", "gender": "cod", "boundary_type": 25, "name": "ADM_01_2", "country": 1, "p_code": "PCODE_01_2", "parent": null, "lft": 1, "rght": 2, "tree_id": 3, "level": 0}}, {"model": "core.boundary", "pk": 5258, "fields": {"created": "2019-03-26T14:04:44.962Z", "modified": "2019-03-26T14:04:45.034Z", "uuid": "9e9c076d-3fdf-43c8-95d7-b4573c98c10f", "name_en": "ADM_01_3", "name_fr": null, "name_es": null, "name_ar": null, "alternate_names": null, "valid_from": "2019-03-26T14:04:10Z", "valid_to": null, "state": "Active", "active": true, "geom": "SRID=4326;MULTIPOLYGON (((30.81665 -3.765597, 30.81665 -3.436658, 31.212158 -3.436658, 31.212158 -3.765597, 30.81665 -3.765597)))", "gender": "cod", "boundary_type": 26, "name": "ADM_01_3", "country": 1, "p_code": "PCODE_01_3", "parent": null, "lft": 1, "rght": 2, "tree_id": 4, "level": 0}}, {"model": "core.uploadprocessor", "pk": 27, "fields": {"state": "preparing", "upload": 14, "pattern_filter": "moz_polbnda_adm0_country.shp", "remove_files_after_process": false, "boundary_type_policy": "get_or_create", "country_policy": "get_or_create"}}, {"model": "core.uploadprocessor", "pk": 28, "fields": {"state": "preparing", "upload": 14, "pattern_filter": "moz_polbnda_adm1_provinces_WFP_OCHA_ROSA.shp", "remove_files_after_process": false, "boundary_type_policy": "get_or_create", "country_policy": "get_or_create"}}, {"model": "core.uploadprocessor", "pk": 29, "fields": {"state": "preparing", "upload": 15, "pattern_filter": "moz_polbnda_adm0_country.shp", "remove_files_after_process": false, "boundary_type_policy": "get_or_create", "country_policy": "get_or_create"}}, {"model": "core.uploadprocessor", "pk": 30, "fields": {"state": "preparing", "upload": 15, "pattern_filter": "moz_polbnda_adm1_provinces_WFP_OCHA_ROSA.shp", "remove_files_after_process": false, "boundary_type_policy": "get_or_create", "country_policy": "get_or_create"}}, {"model": "core.uploadprocessor", "pk": 31, "fields": {"state": "preparing", "upload": 16, "pattern_filter": "moz_admbnda_adm0_Country_WFP_INE_OCHA.shp", "remove_files_after_process": false, "boundary_type_policy": "get_or_create", "country_policy": "get_or_create"}}, {"model": "core.uploadprocessor", "pk": 32, "fields": {"state": "preparing", "upload": 16, "pattern_filter": "moz_admbnda_adm1_Provinces_WFP_INE_OCHA.shp", "remove_files_after_process": false, "boundary_type_policy": "get_or_create", "country_policy": "get_or_create"}}, {"model": "core.uploadprocessor", "pk": 33, "fields": {"state": "preparing", "upload": 17, "pattern_filter": "moz_polbnda_adm0_country.shp", "remove_files_after_process": false, "boundary_type_policy": "get_or_create", "country_policy": "get_or_create"}}, {"model": "core.uploadprocessor", "pk": 34, "fields": {"state": "preparing", "upload": 17, "pattern_filter": "moz_polbnda_adm1_provinces_WFP_OCHA_ROSA.shp", "remove_files_after_process": false, "boundary_type_policy": "get_or_create", "country_policy": "get_or_create"}}, {"model": "core.uploadprocessor", "pk": 35, "fields": {"state": "preparing", "upload": 18, "pattern_filter": "moz_admbnda_adm0_Country_WFP_INE_OCHA.shp", "remove_files_after_process": false, "boundary_type_policy": "get_or_create", "country_policy": "get_or_create"}}, {"model": "core.uploadprocessor", "pk": 36, "fields": {"state": "preparing", "upload": 18, "pattern_filter": "moz_admbnda_adm1_Provinces_WFP_INE_OCHA.shp", "remove_files_after_process": false, "boundary_type_policy": "get_or_create", "country_policy": "get_or_create"}}, {"model": "core.uploadfieldmap", "pk": 159, "fields": {"geo_field": "country", "shape_field": "MOZ", "mandatory": true, "is_value": true, "processor": 27}}, {"model": "core.uploadfieldmap", "pk": 160, "fields": {"geo_field": "level", "shape_field": "0", "mandatory": true, "is_value": true, "processor": 27}}, {"model": "core.uploadfieldmap", "pk": 161, "fields": {"geo_field": "boundary_type", "shape_field": "Country", "mandatory": true, "is_value": true, "processor": 27}}, {"model": "core.uploadfieldmap", "pk": 162, "fields": {"geo_field": "boundary_type__name", "shape_field": "Country", "mandatory": true, "is_value": true, "processor": 27}}, {"model": "core.uploadfieldmap", "pk": 163, "fields": {"geo_field": "name", "shape_field": "ADM0_EN", "mandatory": true, "is_value": false, "processor": 27}}, {"model": "core.uploadfieldmap", "pk": 164, "fields": {"geo_field": "p_code", "shape_field": "ADM0_PCODE", "mandatory": true, "is_value": false, "processor": 27}}, {"model": "core.uploadfieldmap", "pk": 165, "fields": {"geo_field": "parent", "shape_field": null, "mandatory": true, "is_value": true, "processor": 27}}, {"model": "core.uploadfieldmap", "pk": 166, "fields": {"geo_field": "level", "shape_field": "1", "mandatory": true, "is_value": true, "processor": 28}}, {"model": "core.uploadfieldmap", "pk": 167, "fields": {"geo_field": "p_code", "shape_field": "ADM1_PCODE", "mandatory": true, "is_value": false, "processor": 28}}, {"model": "core.uploadfieldmap", "pk": 168, "fields": {"geo_field": "name", "shape_field": "ADM1_EN", "mandatory": true, "is_value": false, "processor": 28}}, {"model": "core.uploadfieldmap", "pk": 169, "fields": {"geo_field": "parent", "shape_field": "ADM0_PCODE", "mandatory": true, "is_value": false, "processor": 28}}, {"model": "core.uploadfieldmap", "pk": 170, "fields": {"geo_field": "boundary_type", "shape_field": "Region", "mandatory": true, "is_value": true, "processor": 28}}, {"model": "core.uploadfieldmap", "pk": 171, "fields": {"geo_field": "boundary_type__name", "shape_field": "Region", "mandatory": true, "is_value": true, "processor": 28}}, {"model": "core.uploadfieldmap", "pk": 172, "fields": {"geo_field": "country", "shape_field": "MOZ", "mandatory": true, "is_value": true, "processor": 28}}, {"model": "core.uploadfieldmap", "pk": 173, "fields": {"geo_field": "country", "shape_field": "MOZ", "mandatory": true, "is_value": true, "processor": 29}}, {"model": "core.uploadfieldmap", "pk": 174, "fields": {"geo_field": "level", "shape_field": "0", "mandatory": true, "is_value": true, "processor": 29}}, {"model": "core.uploadfieldmap", "pk": 175, "fields": {"geo_field": "boundary_type", "shape_field": "Country", "mandatory": true, "is_value": true, "processor": 29}}, {"model": "core.uploadfieldmap", "pk": 176, "fields": {"geo_field": "boundary_type__name", "shape_field": "Country", "mandatory": true, "is_value": true, "processor": 29}}, {"model": "core.uploadfieldmap", "pk": 177, "fields": {"geo_field": "name", "shape_field": "COUNTRY", "mandatory": true, "is_value": false, "processor": 29}}, {"model": "core.uploadfieldmap", "pk": 178, "fields": {"geo_field": "p_code", "shape_field": "HRPCode", "mandatory": true, "is_value": false, "processor": 29}}, {"model": "core.uploadfieldmap", "pk": 179, "fields": {"geo_field": "parent", "shape_field": null, "mandatory": true, "is_value": true, "processor": 29}}, {"model": "core.uploadfieldmap", "pk": 180, "fields": {"geo_field": "country", "shape_field": "MOZ", "mandatory": true, "is_value": true, "processor": 30}}, {"model": "core.uploadfieldmap", "pk": 181, "fields": {"geo_field": "level", "shape_field": "1", "mandatory": true, "is_value": true, "processor": 30}}, {"model": "core.uploadfieldmap", "pk": 182, "fields": {"geo_field": "p_code", "shape_field": "HRPCode", "mandatory": true, "is_value": false, "processor": 30}}, {"model": "core.uploadfieldmap", "pk": 183, "fields": {"geo_field": "name", "shape_field": "PROVINCE", "mandatory": true, "is_value": false, "processor": 30}}, {"model": "core.uploadfieldmap", "pk": 184, "fields": {"geo_field": "parent", "shape_field": "HRParent", "mandatory": true, "is_value": false, "processor": 30}}, {"model": "core.uploadfieldmap", "pk": 185, "fields": {"geo_field": "boundary_type", "shape_field": "Province", "mandatory": true, "is_value": true, "processor": 30}}, {"model": "core.uploadfieldmap", "pk": 186, "fields": {"geo_field": "boundary_type__name", "shape_field": "Province", "mandatory": true, "is_value": true, "processor": 30}}, {"model": "core.uploadfieldmap", "pk": 187, "fields": {"geo_field": "country", "shape_field": "ADM0_PCODE", "mandatory": true, "is_value": false, "processor": 31}}, {"model": "core.uploadfieldmap", "pk": 188, "fields": {"geo_field": "level", "shape_field": "0", "mandatory": true, "is_value": true, "processor": 31}}, {"model": "core.uploadfieldmap", "pk": 189, "fields": {"geo_field": "boundary_type", "shape_field": "Country", "mandatory": true, "is_value": true, "processor": 31}}, {"model": "core.uploadfieldmap", "pk": 190, "fields": {"geo_field": "p_code", "shape_field": "ADM0_PCODE", "mandatory": true, "is_value": false, "processor": 31}}, {"model": "core.uploadfieldmap", "pk": 191, "fields": {"geo_field": "name", "shape_field": "ADM0_EN", "mandatory": true, "is_value": false, "processor": 31}}, {"model": "core.uploadfieldmap", "pk": 192, "fields": {"geo_field": "parent", "shape_field": null, "mandatory": true, "is_value": true, "processor": 31}}, {"model": "core.uploadfieldmap", "pk": 193, "fields": {"geo_field": "level", "shape_field": "1", "mandatory": true, "is_value": true, "processor": 32}}, {"model": "core.uploadfieldmap", "pk": 194, "fields": {"geo_field": "p_code", "shape_field": "ADM1_PCODE", "mandatory": true, "is_value": false, "processor": 32}}, {"model": "core.uploadfieldmap", "pk": 195, "fields": {"geo_field": "name", "shape_field": "ADM1_EN", "mandatory": true, "is_value": false, "processor": 32}}, {"model": "core.uploadfieldmap", "pk": 196, "fields": {"geo_field": "parent", "shape_field": "ADM0_PCODE", "mandatory": true, "is_value": false, "processor": 32}}, {"model": "core.uploadfieldmap", "pk": 197, "fields": {"geo_field": "boundary_type", "shape_field": "ADM1_TYPE", "mandatory": true, "is_value": false, "processor": 32}}, {"model": "core.uploadfieldmap", "pk": 198, "fields": {"geo_field": "country", "shape_field": "ADM0_PCODE", "mandatory": true, "is_value": false, "processor": 32}}, {"model": "core.uploadfieldmap", "pk": 199, "fields": {"geo_field": "country", "shape_field": "CNTRY_CODE", "mandatory": true, "is_value": false, "processor": 33}}, {"model": "core.uploadfieldmap", "pk": 200, "fields": {"geo_field": "level", "shape_field": "0", "mandatory": true, "is_value": true, "processor": 33}}, {"model": "core.uploadfieldmap", "pk": 201, "fields": {"geo_field": "boundary_type", "shape_field": "Country", "mandatory": true, "is_value": true, "processor": 33}}, {"model": "core.uploadfieldmap", "pk": 202, "fields": {"geo_field": "boundary_type__name", "shape_field": "Country", "mandatory": true, "is_value": true, "processor": 33}}, {"model": "core.uploadfieldmap", "pk": 203, "fields": {"geo_field": "name", "shape_field": "COUNTRY", "mandatory": true, "is_value": false, "processor": 33}}, {"model": "core.uploadfieldmap", "pk": 204, "fields": {"geo_field": "p_code", "shape_field": "HRPCode", "mandatory": true, "is_value": false, "processor": 33}}, {"model": "core.uploadfieldmap", "pk": 205, "fields": {"geo_field": "parent", "shape_field": null, "mandatory": true, "is_value": true, "processor": 33}}, {"model": "core.uploadfieldmap", "pk": 206, "fields": {"geo_field": "country", "shape_field": "COUNTRY", "mandatory": true, "is_value": false, "processor": 33}}, {"model": "core.uploadfieldmap", "pk": 207, "fields": {"geo_field": "level", "shape_field": "1", "mandatory": true, "is_value": true, "processor": 34}}, {"model": "core.uploadfieldmap", "pk": 208, "fields": {"geo_field": "p_code", "shape_field": "HRPCode", "mandatory": true, "is_value": false, "processor": 34}}, {"model": "core.uploadfieldmap", "pk": 209, "fields": {"geo_field": "name", "shape_field": "PROVINCE", "mandatory": true, "is_value": false, "processor": 34}}, {"model": "core.uploadfieldmap", "pk": 210, "fields": {"geo_field": "parent", "shape_field": "HRParent", "mandatory": true, "is_value": false, "processor": 34}}, {"model": "core.uploadfieldmap", "pk": 211, "fields": {"geo_field": "boundary_type", "shape_field": "Province", "mandatory": true, "is_value": true, "processor": 34}}, {"model": "core.uploadfieldmap", "pk": 212, "fields": {"geo_field": "boundary_type__name", "shape_field": "Province", "mandatory": true, "is_value": true, "processor": 34}}, {"model": "core.uploadfieldmap", "pk": 213, "fields": {"geo_field": "country", "shape_field": "CNTRY_CODE", "mandatory": true, "is_value": false, "processor": 34}}, {"model": "core.uploadfieldmap", "pk": 214, "fields": {"geo_field": "country", "shape_field": "ADM0_PCODE", "mandatory": true, "is_value": false, "processor": 35}}, {"model": "core.uploadfieldmap", "pk": 215, "fields": {"geo_field": "level", "shape_field": "0", "mandatory": true, "is_value": true, "processor": 35}}, {"model": "core.uploadfieldmap", "pk": 216, "fields": {"geo_field": "boundary_type", "shape_field": "Country", "mandatory": true, "is_value": true, "processor": 35}}, {"model": "core.uploadfieldmap", "pk": 217, "fields": {"geo_field": "p_code", "shape_field": "ADM0_PCODE", "mandatory": true, "is_value": false, "processor": 35}}, {"model": "core.uploadfieldmap", "pk": 218, "fields": {"geo_field": "name", "shape_field": "ADM0_EN", "mandatory": true, "is_value": false, "processor": 35}}, {"model": "core.uploadfieldmap", "pk": 219, "fields": {"geo_field": "parent", "shape_field": null, "mandatory": true, "is_value": true, "processor": 35}}, {"model": "core.uploadfieldmap", "pk": 220, "fields": {"geo_field": "level", "shape_field": "1", "mandatory": true, "is_value": true, "processor": 36}}, {"model": "core.uploadfieldmap", "pk": 221, "fields": {"geo_field": "p_code", "shape_field": "ADM1_PCODE", "mandatory": true, "is_value": false, "processor": 36}}, {"model": "core.uploadfieldmap", "pk": 222, "fields": {"geo_field": "name", "shape_field": "ADM1_EN", "mandatory": true, "is_value": false, "processor": 36}}, {"model": "core.uploadfieldmap", "pk": 223, "fields": {"geo_field": "parent", "shape_field": "ADM0_PCODE", "mandatory": true, "is_value": false, "processor": 36}}, {"model": "core.uploadfieldmap", "pk": 224, "fields": {"geo_field": "boundary_type", "shape_field": "ADM1_TYPE", "mandatory": true, "is_value": false, "processor": 36}}, {"model": "core.uploadfieldmap", "pk": 225, "fields": {"geo_field": "country", "shape_field": "ADM0_PCODE", "mandatory": true, "is_value": false, "processor": 36}}, {"model": "auth.permission", "pk": 1, "fields": {"name": "Can add permission", "content_type": 1, "codename": "add_permission"}}, {"model": "auth.permission", "pk": 2, "fields": {"name": "Can change permission", "content_type": 1, "codename": "change_permission"}}, {"model": "auth.permission", "pk": 3, "fields": {"name": "Can delete permission", "content_type": 1, "codename": "delete_permission"}}, {"model": "auth.permission", "pk": 4, "fields": {"name": "Can view permission", "content_type": 1, "codename": "view_permission"}}, {"model": "auth.permission", "pk": 5, "fields": {"name": "Can add group", "content_type": 2, "codename": "add_group"}}, {"model": "auth.permission", "pk": 6, "fields": {"name": "Can change group", "content_type": 2, "codename": "change_group"}}, {"model": "auth.permission", "pk": 7, "fields": {"name": "Can delete group", "content_type": 2, "codename": "delete_group"}}, {"model": "auth.permission", "pk": 8, "fields": {"name": "Can view group", "content_type": 2, "codename": "view_group"}}, {"model": "auth.permission", "pk": 9, "fields": {"name": "Can add user", "content_type": 3, "codename": "add_user"}}, {"model": "auth.permission", "pk": 10, "fields": {"name": "Can change user", "content_type": 3, "codename": "change_user"}}, {"model": "auth.permission", "pk": 11, "fields": {"name": "Can delete user", "content_type": 3, "codename": "delete_user"}}, {"model": "auth.permission", "pk": 12, "fields": {"name": "Can view user", "content_type": 3, "codename": "view_user"}}, {"model": "auth.permission", "pk": 13, "fields": {"name": "Can change config", "content_type": 4, "codename": "change_config"}}, {"model": "auth.permission", "pk": 14, "fields": {"name": "Can add content type", "content_type": 5, "codename": "add_contenttype"}}, {"model": "auth.permission", "pk": 15, "fields": {"name": "Can change content type", "content_type": 5, "codename": "change_contenttype"}}, {"model": "auth.permission", "pk": 16, "fields": {"name": "Can delete content type", "content_type": 5, "codename": "delete_contenttype"}}, {"model": "auth.permission", "pk": 17, "fields": {"name": "Can view content type", "content_type": 5, "codename": "view_contenttype"}}, {"model": "auth.permission", "pk": 18, "fields": {"name": "Can add session", "content_type": 6, "codename": "add_session"}}, {"model": "auth.permission", "pk": 19, "fields": {"name": "Can change session", "content_type": 6, "codename": "change_session"}}, {"model": "auth.permission", "pk": 20, "fields": {"name": "Can delete session", "content_type": 6, "codename": "delete_session"}}, {"model": "auth.permission", "pk": 21, "fields": {"name": "Can view session", "content_type": 6, "codename": "view_session"}}, {"model": "auth.permission", "pk": 22, "fields": {"name": "Can add log entry", "content_type": 7, "codename": "add_logentry"}}, {"model": "auth.permission", "pk": 23, "fields": {"name": "Can change log entry", "content_type": 7, "codename": "change_logentry"}}, {"model": "auth.permission", "pk": 24, "fields": {"name": "Can delete log entry", "content_type": 7, "codename": "delete_logentry"}}, {"model": "auth.permission", "pk": 25, "fields": {"name": "Can view log entry", "content_type": 7, "codename": "view_logentry"}}, {"model": "auth.permission", "pk": 26, "fields": {"name": "Can add error", "content_type": 8, "codename": "add_error"}}, {"model": "auth.permission", "pk": 27, "fields": {"name": "Can change error", "content_type": 8, "codename": "change_error"}}, {"model": "auth.permission", "pk": 28, "fields": {"name": "Can delete error", "content_type": 8, "codename": "delete_error"}}, {"model": "auth.permission", "pk": 29, "fields": {"name": "Can view error", "content_type": 8, "codename": "view_error"}}, {"model": "auth.permission", "pk": 30, "fields": {"name": "Can add state log", "content_type": 9, "codename": "add_statelog"}}, {"model": "auth.permission", "pk": 31, "fields": {"name": "Can change state log", "content_type": 9, "codename": "change_statelog"}}, {"model": "auth.permission", "pk": 32, "fields": {"name": "Can delete state log", "content_type": 9, "codename": "delete_statelog"}}, {"model": "auth.permission", "pk": 33, "fields": {"name": "Can view state log", "content_type": 9, "codename": "view_statelog"}}, {"model": "auth.permission", "pk": 34, "fields": {"name": "Can add impersonation log", "content_type": 10, "codename": "add_impersonationlog"}}, {"model": "auth.permission", "pk": 35, "fields": {"name": "Can change impersonation log", "content_type": 10, "codename": "change_impersonationlog"}}, {"model": "auth.permission", "pk": 36, "fields": {"name": "Can delete impersonation log", "content_type": 10, "codename": "delete_impersonationlog"}}, {"model": "auth.permission", "pk": 37, "fields": {"name": "Can view impersonation log", "content_type": 10, "codename": "view_impersonationlog"}}, {"model": "auth.permission", "pk": 38, "fields": {"name": "Can add category", "content_type": 11, "codename": "add_category"}}, {"model": "auth.permission", "pk": 39, "fields": {"name": "Can change category", "content_type": 11, "codename": "change_category"}}, {"model": "auth.permission", "pk": 40, "fields": {"name": "Can delete category", "content_type": 11, "codename": "delete_category"}}, {"model": "auth.permission", "pk": 41, "fields": {"name": "Can view category", "content_type": 11, "codename": "view_category"}}, {"model": "auth.permission", "pk": 42, "fields": {"name": "Can add config map", "content_type": 12, "codename": "add_configmap"}}, {"model": "auth.permission", "pk": 43, "fields": {"name": "Can change config map", "content_type": 12, "codename": "change_configmap"}}, {"model": "auth.permission", "pk": 44, "fields": {"name": "Can delete config map", "content_type": 12, "codename": "delete_configmap"}}, {"model": "auth.permission", "pk": 45, "fields": {"name": "Can view config map", "content_type": 12, "codename": "view_configmap"}}, {"model": "auth.permission", "pk": 46, "fields": {"name": "Can add country", "content_type": 13, "codename": "add_country"}}, {"model": "auth.permission", "pk": 47, "fields": {"name": "Can change country", "content_type": 13, "codename": "change_country"}}, {"model": "auth.permission", "pk": 48, "fields": {"name": "Can delete country", "content_type": 13, "codename": "delete_country"}}, {"model": "auth.permission", "pk": 49, "fields": {"name": "Can view country", "content_type": 13, "codename": "view_country"}}, {"model": "auth.permission", "pk": 50, "fields": {"name": "Can add upload", "content_type": 14, "codename": "add_upload"}}, {"model": "auth.permission", "pk": 51, "fields": {"name": "Can change upload", "content_type": 14, "codename": "change_upload"}}, {"model": "auth.permission", "pk": 52, "fields": {"name": "Can delete upload", "content_type": 14, "codename": "delete_upload"}}, {"model": "auth.permission", "pk": 53, "fields": {"name": "Can view upload", "content_type": 14, "codename": "view_upload"}}, {"model": "auth.permission", "pk": 54, "fields": {"name": "Can add upload processor", "content_type": 15, "codename": "add_uploadprocessor"}}, {"model": "auth.permission", "pk": 55, "fields": {"name": "Can change upload processor", "content_type": 15, "codename": "change_uploadprocessor"}}, {"model": "auth.permission", "pk": 56, "fields": {"name": "Can delete upload processor", "content_type": 15, "codename": "delete_uploadprocessor"}}, {"model": "auth.permission", "pk": 57, "fields": {"name": "Can view upload processor", "content_type": 15, "codename": "view_uploadprocessor"}}, {"model": "auth.permission", "pk": 58, "fields": {"name": "Can add location", "content_type": 16, "codename": "add_location"}}, {"model": "auth.permission", "pk": 59, "fields": {"name": "Can change location", "content_type": 16, "codename": "change_location"}}, {"model": "auth.permission", "pk": 60, "fields": {"name": "Can delete location", "content_type": 16, "codename": "delete_location"}}, {"model": "auth.permission", "pk": 61, "fields": {"name": "Can view location", "content_type": 16, "codename": "view_location"}}, {"model": "auth.permission", "pk": 62, "fields": {"name": "Can add field map", "content_type": 17, "codename": "add_fieldmap"}}, {"model": "auth.permission", "pk": 63, "fields": {"name": "Can change field map", "content_type": 17, "codename": "change_fieldmap"}}, {"model": "auth.permission", "pk": 64, "fields": {"name": "Can delete field map", "content_type": 17, "codename": "delete_fieldmap"}}, {"model": "auth.permission", "pk": 65, "fields": {"name": "Can view field map", "content_type": 17, "codename": "view_fieldmap"}}, {"model": "auth.permission", "pk": 66, "fields": {"name": "Can add boundary type", "content_type": 18, "codename": "add_boundarytype"}}, {"model": "auth.permission", "pk": 67, "fields": {"name": "Can change boundary type", "content_type": 18, "codename": "change_boundarytype"}}, {"model": "auth.permission", "pk": 68, "fields": {"name": "Can delete boundary type", "content_type": 18, "codename": "delete_boundarytype"}}, {"model": "auth.permission", "pk": 69, "fields": {"name": "Can view boundary type", "content_type": 18, "codename": "view_boundarytype"}}, {"model": "auth.permission", "pk": 70, "fields": {"name": "Can add boundary", "content_type": 19, "codename": "add_boundary"}}, {"model": "auth.permission", "pk": 71, "fields": {"name": "Can change boundary", "content_type": 19, "codename": "change_boundary"}}, {"model": "auth.permission", "pk": 72, "fields": {"name": "Can delete boundary", "content_type": 19, "codename": "delete_boundary"}}, {"model": "auth.permission", "pk": 73, "fields": {"name": "Can view boundary", "content_type": 19, "codename": "view_boundary"}}, {"model": "auth.permission", "pk": 74, "fields": {"name": "Can add upload field map", "content_type": 20, "codename": "add_uploadfieldmap"}}, {"model": "auth.permission", "pk": 75, "fields": {"name": "Can change upload field map", "content_type": 20, "codename": "change_uploadfieldmap"}}, {"model": "auth.permission", "pk": 76, "fields": {"name": "Can delete upload field map", "content_type": 20, "codename": "delete_uploadfieldmap"}}, {"model": "auth.permission", "pk": 77, "fields": {"name": "Can view upload field map", "content_type": 20, "codename": "view_uploadfieldmap"}}, {"model": "auth.user", "pk": 1, "fields": {"password": "pbkdf2_sha256$150000$jkdi87uYQmYq$O9mUY9W+9eh6k1R7yURCtahLni8RLw3p/4R1oazLVA4=", "last_login": "2019-03-18T11:46:02.816Z", "is_superuser": true, "username": "jan", "first_name": "", "last_name": "", "email": "jburdziej@unicef.org", "is_staff": true, "is_active": true, "date_joined": "2019-03-16T19:39:48.545Z", "groups": [], "user_permissions": []}}, {"model": "admin.logentry", "pk": 1, "fields": {"action_time": "2019-03-16T20:33:08.961Z", "user": 1, "content_type": 13, "object_id": "1", "object_repr": "Mozambique", "action_flag": 1, "change_message": "[{\"added\": {}}]"}}, {"model": "admin.logentry", "pk": 2, "fields": {"action_time": "2019-03-16T20:38:59.915Z", "user": 1, "content_type": 15, "object_id": "1", "object_repr": "moz_polbnda_adm0_country.shp", "action_flag": 2, "change_message": "[{\"changed\": {\"name\": \"upload field map\", \"object\": \"country:COUNTRY\", \"fields\": [\"shape_field\", \"is_value\"]}}]"}}, {"model": "admin.logentry", "pk": 3, "fields": {"action_time": "2019-03-16T20:59:29.065Z", "user": 1, "content_type": 18, "object_id": "1", "object_repr": "Country Level 0 [Mozambique]", "action_flag": 1, "change_message": "[{\"added\": {}}]"}}, {"model": "admin.logentry", "pk": 4, "fields": {"action_time": "2019-03-18T11:16:40.785Z", "user": 1, "content_type": 15, "object_id": "7", "object_repr": "mwi_popa_adm0_dissolved.shp", "action_flag": 2, "change_message": "[{\"added\": {\"name\": \"upload field map\", \"object\": \"country__iso_code_2:MW\"}}, {\"added\": {\"name\": \"upload field map\", \"object\": \"country__iso_code_3:MWI\"}}]"}}, {"model": "admin.logentry", "pk": 5, "fields": {"action_time": "2019-03-18T11:26:01.563Z", "user": 1, "content_type": 15, "object_id": "7", "object_repr": "mwi_popa_adm0_dissolved.shp", "action_flag": 2, "change_message": "[{\"added\": {\"name\": \"upload field map\", \"object\": \"country__name:Malawi\"}}]"}}, {"model": "admin.logentry", "pk": 6, "fields": {"action_time": "2019-03-18T11:26:51.355Z", "user": 1, "content_type": 15, "object_id": "7", "object_repr": "mwi_popa_adm0_dissolved.shp", "action_flag": 2, "change_message": "[{\"changed\": {\"name\": \"upload field map\", \"object\": \"country__iso_code_2:MW\", \"fields\": [\"is_value\"]}}, {\"changed\": {\"name\": \"upload field map\", \"object\": \"country__iso_code_3:MWI\", \"fields\": [\"is_value\"]}}, {\"changed\": {\"name\": \"upload field map\", \"object\": \"country__name:Malawi\", \"fields\": [\"is_value\"]}}]"}}, {"model": "admin.logentry", "pk": 7, "fields": {"action_time": "2019-03-18T11:41:42.795Z", "user": 1, "content_type": 15, "object_id": "7", "object_repr": "mwi_popa_adm0_dissolved.shp", "action_flag": 2, "change_message": "[{\"added\": {\"name\": \"upload field map\", \"object\": \"boundary_type__name:Country\"}}]"}}, {"model": "admin.logentry", "pk": 8, "fields": {"action_time": "2019-03-18T11:44:37.887Z", "user": 1, "content_type": 15, "object_id": "7", "object_repr": "mwi_popa_adm0_dissolved.shp", "action_flag": 2, "change_message": "[]"}}, {"model": "admin.logentry", "pk": 9, "fields": {"action_time": "2019-03-18T11:45:14.063Z", "user": 1, "content_type": 15, "object_id": "8", "object_repr": "mwi_popa_adm1_regions_nso2008_ocha.shp", "action_flag": 2, "change_message": "[{\"added\": {\"name\": \"upload field map\", \"object\": \"boundary_type__name:Region\"}}]"}}, {"model": "admin.logentry", "pk": 10, "fields": {"action_time": "2019-03-18T11:55:22.372Z", "user": 1, "content_type": 15, "object_id": "7", "object_repr": "mwi_popa_adm0_dissolved.shp", "action_flag": 2, "change_message": "[{\"changed\": {\"name\": \"upload field map\", \"object\": \"country:Malawi\", \"fields\": [\"shape_field\"]}}]"}}, {"model": "admin.logentry", "pk": 11, "fields": {"action_time": "2019-03-19T12:32:22.193Z", "user": 1, "content_type": 13, "object_id": "9", "object_repr": "Malawi", "action_flag": 1, "change_message": "[{\"added\": {}}]"}}, {"model": "admin.logentry", "pk": 12, "fields": {"action_time": "2019-03-19T12:32:27.497Z", "user": 1, "content_type": 18, "object_id": "1", "object_repr": "Country Level 0 [Malawi]", "action_flag": 2, "change_message": "[{\"changed\": {\"fields\": [\"country\"]}}]"}}, {"model": "admin.logentry", "pk": 13, "fields": {"action_time": "2019-03-19T12:33:01.028Z", "user": 1, "content_type": 18, "object_id": "2", "object_repr": "Mozambique Level 0 [Mozambique]", "action_flag": 1, "change_message": "[{\"added\": {}}]"}}, {"model": "admin.logentry", "pk": 14, "fields": {"action_time": "2019-03-19T12:33:36.486Z", "user": 1, "content_type": 15, "object_id": "7", "object_repr": "mwi_popa_adm0_dissolved.shp", "action_flag": 2, "change_message": "[{\"changed\": {\"name\": \"upload field map\", \"object\": \"p_code:ADM0_PCODE\", \"fields\": [\"geo_field\"]}}]"}}, {"model": "admin.logentry", "pk": 15, "fields": {"action_time": "2019-03-19T12:34:12.125Z", "user": 1, "content_type": 15, "object_id": "8", "object_repr": "mwi_popa_adm1_regions_nso2008_ocha.shp", "action_flag": 2, "change_message": "[{\"added\": {\"name\": \"upload field map\", \"object\": \"p_code:ADM1_PCODE\"}}]"}}, {"model": "admin.logentry", "pk": 16, "fields": {"action_time": "2019-03-19T14:02:50.386Z", "user": 1, "content_type": 19, "object_id": "None", "object_repr": "Mozambique [Mozambique (MZ)]", "action_flag": 3, "change_message": ""}}, {"model": "admin.logentry", "pk": 17, "fields": {"action_time": "2019-03-19T14:02:50.412Z", "user": 1, "content_type": 19, "object_id": "None", "object_repr": "Malawi [Malawi (MW)]", "action_flag": 3, "change_message": ""}}, {"model": "admin.logentry", "pk": 18, "fields": {"action_time": "2019-03-19T14:02:50.450Z", "user": 1, "content_type": 19, "object_id": "None", "object_repr": "Malawi [Malawi (MW)]", "action_flag": 3, "change_message": ""}}, {"model": "admin.logentry", "pk": 19, "fields": {"action_time": "2019-03-19T14:02:50.478Z", "user": 1, "content_type": 19, "object_id": "None", "object_repr": "Northern Region [Malawi (MW)]", "action_flag": 3, "change_message": ""}}, {"model": "admin.logentry", "pk": 20, "fields": {"action_time": "2019-03-19T14:02:50.497Z", "user": 1, "content_type": 19, "object_id": "None", "object_repr": "Central Region [Malawi (MW)]", "action_flag": 3, "change_message": ""}}, {"model": "admin.logentry", "pk": 21, "fields": {"action_time": "2019-03-19T14:02:50.517Z", "user": 1, "content_type": 19, "object_id": "None", "object_repr": "Southern Region [Malawi (MW)]", "action_flag": 3, "change_message": ""}}, {"model": "admin.logentry", "pk": 22, "fields": {"action_time": "2019-03-19T14:02:50.588Z", "user": 1, "content_type": 19, "object_id": "None", "object_repr": "Malawi [Malawi (MW)]", "action_flag": 3, "change_message": ""}}, {"model": "admin.logentry", "pk": 23, "fields": {"action_time": "2019-03-19T14:02:50.609Z", "user": 1, "content_type": 19, "object_id": "None", "object_repr": "Northern Region [Malawi (MW)]", "action_flag": 3, "change_message": ""}}, {"model": "admin.logentry", "pk": 24, "fields": {"action_time": "2019-03-19T14:02:50.631Z", "user": 1, "content_type": 19, "object_id": "None", "object_repr": "Central Region [Malawi (MW)]", "action_flag": 3, "change_message": ""}}, {"model": "admin.logentry", "pk": 25, "fields": {"action_time": "2019-03-19T14:02:50.655Z", "user": 1, "content_type": 19, "object_id": "None", "object_repr": "Southern Region [Malawi (MW)]", "action_flag": 3, "change_message": ""}}, {"model": "admin.logentry", "pk": 26, "fields": {"action_time": "2019-03-19T14:03:05.810Z", "user": 1, "content_type": 18, "object_id": "None", "object_repr": "Country Level 0 [Malawi (MW)]", "action_flag": 3, "change_message": ""}}, {"model": "admin.logentry", "pk": 27, "fields": {"action_time": "2019-03-19T14:03:05.829Z", "user": 1, "content_type": 18, "object_id": "None", "object_repr": "Region Level 1 [Malawi (MW)]", "action_flag": 3, "change_message": ""}}, {"model": "admin.logentry", "pk": 28, "fields": {"action_time": "2019-03-19T14:03:05.846Z", "user": 1, "content_type": 18, "object_id": "None", "object_repr": "Mozambique Level 0 [Mozambique (MZ)]", "action_flag": 3, "change_message": ""}}, {"model": "admin.logentry", "pk": 29, "fields": {"action_time": "2019-03-20T08:47:38.148Z", "user": 1, "content_type": 18, "object_id": "7", "object_repr": "Mozambique Level 0 [Mozambique (MZ)]", "action_flag": 1, "change_message": "[{\"added\": {}}]"}}, {"model": "admin.logentry", "pk": 30, "fields": {"action_time": "2019-03-20T09:26:09.264Z", "user": 1, "content_type": 18, "object_id": "None", "object_repr": "Country Level 0 [Malawi (MW)]", "action_flag": 3, "change_message": ""}}, {"model": "admin.logentry", "pk": 31, "fields": {"action_time": "2019-03-20T09:26:09.290Z", "user": 1, "content_type": 18, "object_id": "None", "object_repr": "Region Level 1 [Malawi (MW)]", "action_flag": 3, "change_message": ""}}, {"model": "admin.logentry", "pk": 32, "fields": {"action_time": "2019-03-20T09:26:09.508Z", "user": 1, "content_type": 18, "object_id": "None", "object_repr": "Mozambique Level 0 [Mozambique (MZ)]", "action_flag": 3, "change_message": ""}}, {"model": "admin.logentry", "pk": 33, "fields": {"action_time": "2019-03-20T09:32:51.951Z", "user": 1, "content_type": 14, "object_id": "9", "object_repr": "#9 moz_ver01_1CaD4sl.zip", "action_flag": 3, "change_message": ""}}, {"model": "admin.logentry", "pk": 34, "fields": {"action_time": "2019-03-20T09:32:51.964Z", "user": 1, "content_type": 14, "object_id": "8", "object_repr": "#8 moz_ver01_s4XKJ7z.zip", "action_flag": 3, "change_message": ""}}, {"model": "admin.logentry", "pk": 35, "fields": {"action_time": "2019-03-20T09:32:51.967Z", "user": 1, "content_type": 14, "object_id": "7", "object_repr": "#7 mwi_ver01.zip", "action_flag": 3, "change_message": ""}}, {"model": "admin.logentry", "pk": 36, "fields": {"action_time": "2019-03-20T09:32:51.972Z", "user": 1, "content_type": 14, "object_id": "6", "object_repr": "#6 moz_ver01_1nqv9ir.zip", "action_flag": 3, "change_message": ""}}, {"model": "admin.logentry", "pk": 37, "fields": {"action_time": "2019-03-20T09:32:51.976Z", "user": 1, "content_type": 14, "object_id": "5", "object_repr": "#5 moz_ver01_2XRJaux.zip", "action_flag": 3, "change_message": ""}}, {"model": "admin.logentry", "pk": 38, "fields": {"action_time": "2019-03-20T09:32:51.979Z", "user": 1, "content_type": 14, "object_id": "4", "object_repr": "#4 moz_ver01_q2GLNzm.zip", "action_flag": 3, "change_message": ""}}, {"model": "admin.logentry", "pk": 39, "fields": {"action_time": "2019-03-20T09:32:51.983Z", "user": 1, "content_type": 14, "object_id": "3", "object_repr": "#3 moz_ver01_sUicwmB.zip", "action_flag": 3, "change_message": ""}}, {"model": "admin.logentry", "pk": 40, "fields": {"action_time": "2019-03-20T09:32:51.991Z", "user": 1, "content_type": 14, "object_id": "2", "object_repr": "#2 moz_ver01_67ebaws.zip", "action_flag": 3, "change_message": ""}}, {"model": "admin.logentry", "pk": 41, "fields": {"action_time": "2019-03-20T09:32:51.996Z", "user": 1, "content_type": 14, "object_id": "1", "object_repr": "#1 moz_ver01_dWVEOyJ.zip", "action_flag": 3, "change_message": ""}}, {"model": "admin.logentry", "pk": 42, "fields": {"action_time": "2019-03-20T09:37:01.044Z", "user": 1, "content_type": 14, "object_id": "10", "object_repr": "#10 moz_ver01_twa8Qwo.zip", "action_flag": 1, "change_message": "[{\"added\": {}}, {\"added\": {\"name\": \"upload processor\", \"object\": \"moz_polbnda_adm0_country.shp\"}}, {\"added\": {\"name\": \"upload processor\", \"object\": \"moz_polbnda_adm1_provinces_WFP_OCHA_ROSA.shp\"}}, {\"added\": {\"name\": \"upload processor\", \"object\": \"moz_polbnda_adm2_districts_wfp_ine_pop2012_15_ocha.shp\"}}, {\"added\": {\"name\": \"upload processor\", \"object\": \"moz_polbnda_adm3_postos_wfp_ine_ocha_.shp\"}}]"}}, {"model": "admin.logentry", "pk": 43, "fields": {"action_time": "2019-03-20T09:41:10.030Z", "user": 1, "content_type": 15, "object_id": "11", "object_repr": "moz_polbnda_adm0_country.shp", "action_flag": 2, "change_message": "[{\"added\": {\"name\": \"upload field map\", \"object\": \"country:HRPcode\"}}, {\"added\": {\"name\": \"upload field map\", \"object\": \"country__name:COUNTRY\"}}, {\"added\": {\"name\": \"upload field map\", \"object\": \"country__iso_code_2:HRPcode\"}}, {\"added\": {\"name\": \"upload field map\", \"object\": \"country__iso_code_3:MOZ\"}}, {\"added\": {\"name\": \"upload field map\", \"object\": \"boundary_type:Country\"}}, {\"added\": {\"name\": \"upload field map\", \"object\": \"boundary_type__name:Country\"}}, {\"added\": {\"name\": \"upload field map\", \"object\": \"name:COUNTRY\"}}, {\"added\": {\"name\": \"upload field map\", \"object\": \"p_code:HRPcode\"}}, {\"added\": {\"name\": \"upload field map\", \"object\": \"parent:None\"}}]"}}, {"model": "admin.logentry", "pk": 44, "fields": {"action_time": "2019-03-20T09:42:33.300Z", "user": 1, "content_type": 15, "object_id": "11", "object_repr": "moz_polbnda_adm0_country.shp", "action_flag": 2, "change_message": "[{\"added\": {\"name\": \"upload field map\", \"object\": \"level:0\"}}]"}}, {"model": "admin.logentry", "pk": 45, "fields": {"action_time": "2019-03-20T09:45:35.573Z", "user": 1, "content_type": 15, "object_id": "12", "object_repr": "moz_polbnda_adm1_provinces_WFP_OCHA_ROSA.shp", "action_flag": 2, "change_message": "[{\"changed\": {\"fields\": [\"country_policy\"]}}, {\"added\": {\"name\": \"upload field map\", \"object\": \"country:MOZ\"}}, {\"added\": {\"name\": \"upload field map\", \"object\": \"boundary_type:Province\"}}, {\"added\": {\"name\": \"upload field map\", \"object\": \"boundary_type__name:Province\"}}, {\"added\": {\"name\": \"upload field map\", \"object\": \"name:PROVINCE\"}}, {\"added\": {\"name\": \"upload field map\", \"object\": \"p_code:HRPcode\"}}, {\"added\": {\"name\": \"upload field map\", \"object\": \"parent:HRParent\"}}, {\"added\": {\"name\": \"upload field map\", \"object\": \"level:1\"}}]"}}, {"model": "admin.logentry", "pk": 46, "fields": {"action_time": "2019-03-20T09:47:32.101Z", "user": 1, "content_type": 15, "object_id": "13", "object_repr": "moz_polbnda_adm2_districts_wfp_ine_pop2012_15_ocha.shp", "action_flag": 2, "change_message": "[{\"changed\": {\"fields\": [\"country_policy\"]}}, {\"added\": {\"name\": \"upload field map\", \"object\": \"country:MOZ\"}}, {\"added\": {\"name\": \"upload field map\", \"object\": \"level:2\"}}, {\"added\": {\"name\": \"upload field map\", \"object\": \"boundary_type:District\"}}, {\"added\": {\"name\": \"upload field map\", \"object\": \"boundary_type__name:District\"}}, {\"added\": {\"name\": \"upload field map\", \"object\": \"name:DISTRICT\"}}, {\"added\": {\"name\": \"upload field map\", \"object\": \"p_code:P_CODE\"}}, {\"added\": {\"name\": \"upload field map\", \"object\": \"parent:PROV_CODE\"}}]"}}, {"model": "admin.logentry", "pk": 47, "fields": {"action_time": "2019-03-20T09:49:20.526Z", "user": 1, "content_type": 15, "object_id": "14", "object_repr": "moz_polbnda_adm3_postos_wfp_ine_ocha_.shp", "action_flag": 2, "change_message": "[{\"changed\": {\"fields\": [\"country_policy\"]}}, {\"added\": {\"name\": \"upload field map\", \"object\": \"country:MOZ\"}}, {\"added\": {\"name\": \"upload field map\", \"object\": \"level:3\"}}, {\"added\": {\"name\": \"upload field map\", \"object\": \"boundary_type:Posto\"}}, {\"added\": {\"name\": \"upload field map\", \"object\": \"boundary_type__name:Posto\"}}, {\"added\": {\"name\": \"upload field map\", \"object\": \"name:POSTO\"}}, {\"added\": {\"name\": \"upload field map\", \"object\": \"p_code:P_CODE\"}}, {\"added\": {\"name\": \"upload field map\", \"object\": \"parent:D_PCODE\"}}]"}}, {"model": "admin.logentry", "pk": 48, "fields": {"action_time": "2019-03-20T09:52:36.228Z", "user": 1, "content_type": 15, "object_id": "11", "object_repr": "moz_polbnda_adm0_country.shp", "action_flag": 2, "change_message": "[{\"changed\": {\"name\": \"upload field map\", \"object\": \"country:MOZ\", \"fields\": [\"shape_field\"]}}]"}}, {"model": "admin.logentry", "pk": 49, "fields": {"action_time": "2019-03-20T09:52:54.273Z", "user": 1, "content_type": 18, "object_id": "None", "object_repr": "Country Level 0 [Mozambique (MZ)]", "action_flag": 3, "change_message": ""}}, {"model": "admin.logentry", "pk": 50, "fields": {"action_time": "2019-03-20T09:55:10.723Z", "user": 1, "content_type": 15, "object_id": "11", "object_repr": "moz_polbnda_adm0_country.shp", "action_flag": 2, "change_message": "[{\"changed\": {\"name\": \"upload field map\", \"object\": \"boundary_type__name:Country\", \"fields\": [\"is_value\"]}}]"}}, {"model": "admin.logentry", "pk": 51, "fields": {"action_time": "2019-03-20T09:56:15.689Z", "user": 1, "content_type": 15, "object_id": "11", "object_repr": "moz_polbnda_adm0_country.shp", "action_flag": 2, "change_message": "[{\"changed\": {\"name\": \"upload field map\", \"object\": \"country__iso_code_2:HRPCode\", \"fields\": [\"shape_field\"]}}, {\"changed\": {\"name\": \"upload field map\", \"object\": \"p_code:HRPCode\", \"fields\": [\"shape_field\"]}}]"}}, {"model": "admin.logentry", "pk": 52, "fields": {"action_time": "2019-03-20T09:57:00.257Z", "user": 1, "content_type": 15, "object_id": "12", "object_repr": "moz_polbnda_adm1_provinces_WFP_OCHA_ROSA.shp", "action_flag": 2, "change_message": "[{\"changed\": {\"name\": \"upload field map\", \"object\": \"p_code:HRPCode\", \"fields\": [\"shape_field\"]}}]"}}, {"model": "admin.logentry", "pk": 53, "fields": {"action_time": "2019-03-20T09:57:23.232Z", "user": 1, "content_type": 19, "object_id": "None", "object_repr": "Mozambique [Mozambique (MZ)]", "action_flag": 3, "change_message": ""}}, {"model": "admin.logentry", "pk": 54, "fields": {"action_time": "2019-03-20T09:57:27.105Z", "user": 1, "content_type": 18, "object_id": "None", "object_repr": "Country Level 0 [Mozambique (MZ)]", "action_flag": 3, "change_message": ""}}, {"model": "admin.logentry", "pk": 55, "fields": {"action_time": "2019-03-20T12:27:25.739Z", "user": 1, "content_type": 14, "object_id": "11", "object_repr": "#11 moz_ver02.zip", "action_flag": 1, "change_message": "[{\"added\": {}}, {\"added\": {\"name\": \"upload processor\", \"object\": \"moz_admbnda_adm0_Country_WFP_INE_OCHA\"}}, {\"added\": {\"name\": \"upload processor\", \"object\": \"moz_admbnda_adm1_Provinces_WFP_INE_OCHA\"}}, {\"added\": {\"name\": \"upload processor\", \"object\": \"moz_admbnda_adm2_Districts_WFP_INE_OCHA\"}}]"}}, {"model": "admin.logentry", "pk": 56, "fields": {"action_time": "2019-03-20T12:28:22.961Z", "user": 1, "content_type": 15, "object_id": "17", "object_repr": "moz_admbnda_adm2_Districts_WFP_INE_OCHA", "action_flag": 3, "change_message": ""}}, {"model": "admin.logentry", "pk": 57, "fields": {"action_time": "2019-03-20T12:28:22.966Z", "user": 1, "content_type": 15, "object_id": "16", "object_repr": "moz_admbnda_adm1_Provinces_WFP_INE_OCHA", "action_flag": 3, "change_message": ""}}, {"model": "admin.logentry", "pk": 58, "fields": {"action_time": "2019-03-20T12:28:22.968Z", "user": 1, "content_type": 15, "object_id": "15", "object_repr": "moz_admbnda_adm0_Country_WFP_INE_OCHA", "action_flag": 3, "change_message": ""}}, {"model": "admin.logentry", "pk": 59, "fields": {"action_time": "2019-03-20T12:29:33.747Z", "user": 1, "content_type": 14, "object_id": "11", "object_repr": "#11 moz_ver02.zip", "action_flag": 2, "change_message": "[{\"added\": {\"name\": \"upload processor\", \"object\": \"moz_admbnda_adm0_Country_WFP_INE_OCHA\"}}, {\"added\": {\"name\": \"upload processor\", \"object\": \"moz_admbnda_adm1_Provinces_WFP_INE_OCHA\"}}, {\"added\": {\"name\": \"upload processor\", \"object\": \"moz_admbnda_adm2_Districts_WFP_INE_OCHA\"}}, {\"added\": {\"name\": \"upload processor\", \"object\": \"moz_admbnda_adm3_Postos_WFP_INE_OCHA\"}}]"}}, {"model": "admin.logentry", "pk": 60, "fields": {"action_time": "2019-03-20T12:31:18.849Z", "user": 1, "content_type": 15, "object_id": "18", "object_repr": "moz_admbnda_adm0_Country_WFP_INE_OCHA", "action_flag": 2, "change_message": "[{\"added\": {\"name\": \"upload field map\", \"object\": \"country:MOZ\"}}, {\"added\": {\"name\": \"upload field map\", \"object\": \"level:0\"}}, {\"added\": {\"name\": \"upload field map\", \"object\": \"boundary_type:Country\"}}, {\"added\": {\"name\": \"upload field map\", \"object\": \"name:ADM0_EN\"}}, {\"added\": {\"name\": \"upload field map\", \"object\": \"p_code:ADM0_PCODE\"}}, {\"added\": {\"name\": \"upload field map\", \"object\": \"parent:None\"}}]"}}, {"model": "admin.logentry", "pk": 61, "fields": {"action_time": "2019-03-20T12:32:23.237Z", "user": 1, "content_type": 15, "object_id": "19", "object_repr": "moz_admbnda_adm1_Provinces_WFP_INE_OCHA", "action_flag": 2, "change_message": "[{\"added\": {\"name\": \"upload field map\", \"object\": \"country:MOZ\"}}, {\"added\": {\"name\": \"upload field map\", \"object\": \"level:1\"}}, {\"added\": {\"name\": \"upload field map\", \"object\": \"boundary_type:Province\"}}, {\"added\": {\"name\": \"upload field map\", \"object\": \"name:ADM1_EN\"}}, {\"added\": {\"name\": \"upload field map\", \"object\": \"p_code:ADM1_PCODE\"}}, {\"added\": {\"name\": \"upload field map\", \"object\": \"parent:ADM0_PCODE\"}}]"}}, {"model": "admin.logentry", "pk": 62, "fields": {"action_time": "2019-03-20T12:33:25.266Z", "user": 1, "content_type": 15, "object_id": "20", "object_repr": "moz_admbnda_adm2_Districts_WFP_INE_OCHA", "action_flag": 2, "change_message": "[{\"added\": {\"name\": \"upload field map\", \"object\": \"country:MOZ\"}}, {\"added\": {\"name\": \"upload field map\", \"object\": \"level:2\"}}, {\"added\": {\"name\": \"upload field map\", \"object\": \"boundary_type:District\"}}, {\"added\": {\"name\": \"upload field map\", \"object\": \"name:ADM1_EN\"}}, {\"added\": {\"name\": \"upload field map\", \"object\": \"p_code:ADM1_PCODE\"}}, {\"added\": {\"name\": \"upload field map\", \"object\": \"parent:ADM0_PCODE\"}}]"}}, {"model": "admin.logentry", "pk": 63, "fields": {"action_time": "2019-03-20T12:34:05.371Z", "user": 1, "content_type": 15, "object_id": "20", "object_repr": "moz_admbnda_adm2_Districts_WFP_INE_OCHA", "action_flag": 2, "change_message": "[{\"changed\": {\"name\": \"upload field map\", \"object\": \"name:ADM2_EN\", \"fields\": [\"shape_field\"]}}, {\"changed\": {\"name\": \"upload field map\", \"object\": \"p_code:ADM2_PCODE\", \"fields\": [\"shape_field\"]}}, {\"changed\": {\"name\": \"upload field map\", \"object\": \"parent:ADM1_PCODE\", \"fields\": [\"shape_field\"]}}]"}}, {"model": "admin.logentry", "pk": 64, "fields": {"action_time": "2019-03-20T12:34:55.418Z", "user": 1, "content_type": 15, "object_id": "21", "object_repr": "moz_admbnda_adm3_Postos_WFP_INE_OCHA", "action_flag": 2, "change_message": "[{\"added\": {\"name\": \"upload field map\", \"object\": \"country:MOZ\"}}, {\"added\": {\"name\": \"upload field map\", \"object\": \"level:3\"}}, {\"added\": {\"name\": \"upload field map\", \"object\": \"boundary_type:Posto\"}}, {\"added\": {\"name\": \"upload field map\", \"object\": \"name:ADM3_EN\"}}, {\"added\": {\"name\": \"upload field map\", \"object\": \"p_code:ADM3_PCODE\"}}, {\"added\": {\"name\": \"upload field map\", \"object\": \"parent:ADM2_PCODE\"}}]"}}, {"model": "admin.logentry", "pk": 65, "fields": {"action_time": "2019-03-20T14:17:46.199Z", "user": 1, "content_type": 15, "object_id": "18", "object_repr": "moz_admbnda_adm0_Country_WFP_INE_OCHA.shp", "action_flag": 2, "change_message": "[{\"changed\": {\"fields\": [\"pattern_filter\"]}}]"}}, {"model": "admin.logentry", "pk": 66, "fields": {"action_time": "2019-03-20T14:17:56.640Z", "user": 1, "content_type": 15, "object_id": "19", "object_repr": "moz_admbnda_adm1_Provinces_WFP_INE_OCHA.shp", "action_flag": 2, "change_message": "[{\"changed\": {\"fields\": [\"pattern_filter\"]}}]"}}, {"model": "admin.logentry", "pk": 67, "fields": {"action_time": "2019-03-20T14:18:09.165Z", "user": 1, "content_type": 15, "object_id": "20", "object_repr": "moz_admbnda_adm2_Districts_WFP_INE_OCHA.shp", "action_flag": 2, "change_message": "[{\"changed\": {\"fields\": [\"pattern_filter\"]}}]"}}, {"model": "admin.logentry", "pk": 68, "fields": {"action_time": "2019-03-20T14:18:19.014Z", "user": 1, "content_type": 15, "object_id": "21", "object_repr": "moz_admbnda_adm3_Postos_WFP_INE_OCHA.shp", "action_flag": 2, "change_message": "[{\"changed\": {\"fields\": [\"pattern_filter\"]}}]"}}, {"model": "admin.logentry", "pk": 69, "fields": {"action_time": "2019-03-20T16:29:09.169Z", "user": 1, "content_type": 13, "object_id": "10", "object_repr": "Zimbabwe (ZW)", "action_flag": 1, "change_message": "[{\"added\": {}}]"}}, {"model": "admin.logentry", "pk": 70, "fields": {"action_time": "2019-03-20T18:07:21.946Z", "user": 1, "content_type": 15, "object_id": "22", "object_repr": "gadm28_moz_mwi_zwe_adm0.shp", "action_flag": 2, "change_message": "[{\"changed\": {\"name\": \"upload field map\", \"object\": \"country:NAME_0\", \"fields\": [\"shape_field\"]}}]"}}, {"model": "admin.logentry", "pk": 71, "fields": {"action_time": "2019-03-20T18:08:29.151Z", "user": 1, "content_type": 15, "object_id": "22", "object_repr": "gadm28_moz_mwi_zwe_adm0.shp", "action_flag": 2, "change_message": "[{\"changed\": {\"name\": \"upload field map\", \"object\": \"country:NAME_0\", \"fields\": [\"is_value\"]}}]"}}, {"model": "admin.logentry", "pk": 72, "fields": {"action_time": "2019-03-20T18:09:00.983Z", "user": 1, "content_type": 15, "object_id": "22", "object_repr": "gadm28_moz_mwi_zwe_adm0.shp", "action_flag": 2, "change_message": "[{\"changed\": {\"name\": \"upload field map\", \"object\": \"country:ISO\", \"fields\": [\"shape_field\"]}}]"}}, {"model": "admin.logentry", "pk": 73, "fields": {"action_time": "2019-03-20T18:09:49.423Z", "user": 1, "content_type": 15, "object_id": "23", "object_repr": "gadm28_moz_mwi_zwe_adm1.shp", "action_flag": 2, "change_message": "[{\"changed\": {\"name\": \"upload field map\", \"object\": \"country:ISO\", \"fields\": [\"shape_field\"]}}]"}}, {"model": "admin.logentry", "pk": 74, "fields": {"action_time": "2019-03-20T18:09:57.066Z", "user": 1, "content_type": 15, "object_id": "24", "object_repr": "gadm28_moz_mwi_zwe_adm2.shp", "action_flag": 2, "change_message": "[{\"changed\": {\"name\": \"upload field map\", \"object\": \"country:ISO\", \"fields\": [\"shape_field\"]}}]"}}, {"model": "admin.logentry", "pk": 75, "fields": {"action_time": "2019-03-20T18:10:04.118Z", "user": 1, "content_type": 15, "object_id": "25", "object_repr": "gadm28_moz_mwi_zwe_adm3.shp", "action_flag": 2, "change_message": "[{\"changed\": {\"name\": \"upload field map\", \"object\": \"country:ISO\", \"fields\": [\"shape_field\"]}}]"}}, {"model": "admin.logentry", "pk": 76, "fields": {"action_time": "2019-03-21T08:15:23.012Z", "user": 1, "content_type": 15, "object_id": "26", "object_repr": "moz_polbnda_adm0_country.shp", "action_flag": 2, "change_message": "[{\"changed\": {\"fields\": [\"country_policy\"]}}]"}}, {"model": "admin.logentry", "pk": 77, "fields": {"action_time": "2019-03-21T08:16:25.416Z", "user": 1, "content_type": 15, "object_id": "26", "object_repr": "moz_polbnda_adm0_country.shp", "action_flag": 2, "change_message": "[{\"changed\": {\"fields\": [\"country_policy\"]}}]"}}, {"model": "admin.logentry", "pk": 78, "fields": {"action_time": "2019-03-21T08:16:39.284Z", "user": 1, "content_type": 15, "object_id": "26", "object_repr": "moz_polbnda_adm0_country.shp", "action_flag": 2, "change_message": "[{\"changed\": {\"name\": \"upload field map\", \"object\": \"country:Mozambique\", \"fields\": [\"shape_field\", \"is_value\"]}}]"}}, {"model": "admin.logentry", "pk": 79, "fields": {"action_time": "2019-03-21T08:22:29.337Z", "user": 1, "content_type": 15, "object_id": "26", "object_repr": "moz_polbnda_adm0_country.shp", "action_flag": 2, "change_message": "[{\"changed\": {\"name\": \"upload field map\", \"object\": \"country:MOZ\", \"fields\": [\"shape_field\"]}}]"}}, {"model": "admin.logentry", "pk": 80, "fields": {"action_time": "2019-03-21T19:08:04.635Z", "user": 1, "content_type": 14, "object_id": "13", "object_repr": "#13 moz_ver01_l3BII6E.zip", "action_flag": 3, "change_message": ""}}, {"model": "admin.logentry", "pk": 81, "fields": {"action_time": "2019-03-21T19:08:04.644Z", "user": 1, "content_type": 14, "object_id": "12", "object_repr": "#12 gadm28_moz_mwi_zwe_adm0-3.zip", "action_flag": 3, "change_message": ""}}, {"model": "admin.logentry", "pk": 82, "fields": {"action_time": "2019-03-21T19:08:04.646Z", "user": 1, "content_type": 14, "object_id": "11", "object_repr": "#11 moz_ver02.zip", "action_flag": 3, "change_message": ""}}, {"model": "admin.logentry", "pk": 83, "fields": {"action_time": "2019-03-21T19:08:04.652Z", "user": 1, "content_type": 14, "object_id": "10", "object_repr": "#10 moz_ver01_twa8Qwo.zip", "action_flag": 3, "change_message": ""}}, {"model": "admin.logentry", "pk": 84, "fields": {"action_time": "2019-03-21T19:08:20.064Z", "user": 1, "content_type": 18, "object_id": "None", "object_repr": "Country Level 0 [Mozambique (MZ)]", "action_flag": 3, "change_message": ""}}, {"model": "admin.logentry", "pk": 85, "fields": {"action_time": "2019-03-21T19:08:20.085Z", "user": 1, "content_type": 18, "object_id": "None", "object_repr": "Province Level 1 [Mozambique (MZ)]", "action_flag": 3, "change_message": ""}}, {"model": "admin.logentry", "pk": 86, "fields": {"action_time": "2019-03-21T19:08:20.104Z", "user": 1, "content_type": 18, "object_id": "None", "object_repr": "District Level 2 [Mozambique (MZ)]", "action_flag": 3, "change_message": ""}}, {"model": "admin.logentry", "pk": 87, "fields": {"action_time": "2019-03-21T19:08:20.118Z", "user": 1, "content_type": 18, "object_id": "None", "object_repr": "Posto Level 3 [Mozambique (MZ)]", "action_flag": 3, "change_message": ""}}, {"model": "admin.logentry", "pk": 88, "fields": {"action_time": "2019-03-21T19:08:24.227Z", "user": 1, "content_type": 18, "object_id": "None", "object_repr": "Country Level 0 [Malawi (MW)]", "action_flag": 3, "change_message": ""}}, {"model": "admin.logentry", "pk": 89, "fields": {"action_time": "2019-03-21T19:08:24.246Z", "user": 1, "content_type": 18, "object_id": "None", "object_repr": "District Level 1 [Malawi (MW)]", "action_flag": 3, "change_message": ""}}, {"model": "admin.logentry", "pk": 90, "fields": {"action_time": "2019-03-21T19:08:24.259Z", "user": 1, "content_type": 18, "object_id": "None", "object_repr": "Town Level 2 [Malawi (MW)]", "action_flag": 3, "change_message": ""}}, {"model": "admin.logentry", "pk": 91, "fields": {"action_time": "2019-03-21T19:08:24.284Z", "user": 1, "content_type": 18, "object_id": "None", "object_repr": "Unknown Level 3 [Malawi (MW)]", "action_flag": 3, "change_message": ""}}, {"model": "admin.logentry", "pk": 92, "fields": {"action_time": "2019-03-21T19:08:24.388Z", "user": 1, "content_type": 18, "object_id": "None", "object_repr": "Country Level 0 [Zimbabwe (ZW)]", "action_flag": 3, "change_message": ""}}, {"model": "admin.logentry", "pk": 93, "fields": {"action_time": "2019-03-21T19:08:24.397Z", "user": 1, "content_type": 18, "object_id": "None", "object_repr": "City Level 1 [Zimbabwe (ZW)]", "action_flag": 3, "change_message": ""}}, {"model": "admin.logentry", "pk": 94, "fields": {"action_time": "2019-03-21T19:08:24.412Z", "user": 1, "content_type": 18, "object_id": "None", "object_repr": "District Level 2 [Zimbabwe (ZW)]", "action_flag": 3, "change_message": ""}}, {"model": "admin.logentry", "pk": 95, "fields": {"action_time": "2019-03-21T19:16:44.848Z", "user": 1, "content_type": 15, "object_id": "27", "object_repr": "moz_polbnda_adm0_country.shp", "action_flag": 2, "change_message": "[{\"changed\": {\"name\": \"upload field map\", \"object\": \"country:MOZ\", \"fields\": [\"shape_field\", \"is_value\"]}}]"}}, {"model": "admin.logentry", "pk": 96, "fields": {"action_time": "2019-03-21T19:17:05.811Z", "user": 1, "content_type": 15, "object_id": "28", "object_repr": "moz_polbnda_adm1_provinces_WFP_OCHA_ROSA.shp", "action_flag": 2, "change_message": "[{\"changed\": {\"name\": \"upload field map\", \"object\": \"country:MOZ\", \"fields\": [\"shape_field\", \"is_value\"]}}]"}}, {"model": "admin.logentry", "pk": 97, "fields": {"action_time": "2019-03-21T19:24:35.530Z", "user": 1, "content_type": 18, "object_id": "None", "object_repr": "Country Level 0 [Mozambique (MZ)]", "action_flag": 3, "change_message": ""}}, {"model": "admin.logentry", "pk": 98, "fields": {"action_time": "2019-03-21T19:24:35.548Z", "user": 1, "content_type": 18, "object_id": "None", "object_repr": "Province Level 1 [Mozambique (MZ)]", "action_flag": 3, "change_message": ""}}, {"model": "admin.logentry", "pk": 99, "fields": {"action_time": "2019-03-26T09:49:09.191Z", "user": 1, "content_type": 19, "object_id": "None", "object_repr": "Mozambique [Mozambique (MZ)]", "action_flag": 3, "change_message": ""}}, {"model": "admin.logentry", "pk": 100, "fields": {"action_time": "2019-03-26T09:49:09.222Z", "user": 1, "content_type": 19, "object_id": "None", "object_repr": "Niassa [Mozambique (MZ)]", "action_flag": 3, "change_message": ""}}, {"model": "admin.logentry", "pk": 101, "fields": {"action_time": "2019-03-26T09:49:09.245Z", "user": 1, "content_type": 19, "object_id": "None", "object_repr": "Cabo Delgado [Mozambique (MZ)]", "action_flag": 3, "change_message": ""}}, {"model": "admin.logentry", "pk": 102, "fields": {"action_time": "2019-03-26T09:49:09.271Z", "user": 1, "content_type": 19, "object_id": "None", "object_repr": "Nampula [Mozambique (MZ)]", "action_flag": 3, "change_message": ""}}, {"model": "admin.logentry", "pk": 103, "fields": {"action_time": "2019-03-26T09:49:09.296Z", "user": 1, "content_type": 19, "object_id": "None", "object_repr": "Zambezia [Mozambique (MZ)]", "action_flag": 3, "change_message": ""}}, {"model": "admin.logentry", "pk": 104, "fields": {"action_time": "2019-03-26T09:49:09.320Z", "user": 1, "content_type": 19, "object_id": "None", "object_repr": "Tete [Mozambique (MZ)]", "action_flag": 3, "change_message": ""}}, {"model": "admin.logentry", "pk": 105, "fields": {"action_time": "2019-03-26T09:49:09.343Z", "user": 1, "content_type": 19, "object_id": "None", "object_repr": "Manica [Mozambique (MZ)]", "action_flag": 3, "change_message": ""}}, {"model": "admin.logentry", "pk": 106, "fields": {"action_time": "2019-03-26T09:49:09.369Z", "user": 1, "content_type": 19, "object_id": "None", "object_repr": "Sofala [Mozambique (MZ)]", "action_flag": 3, "change_message": ""}}, {"model": "admin.logentry", "pk": 107, "fields": {"action_time": "2019-03-26T09:49:09.392Z", "user": 1, "content_type": 19, "object_id": "None", "object_repr": "Inhambane [Mozambique (MZ)]", "action_flag": 3, "change_message": ""}}, {"model": "admin.logentry", "pk": 108, "fields": {"action_time": "2019-03-26T09:49:09.427Z", "user": 1, "content_type": 19, "object_id": "None", "object_repr": "Gaza [Mozambique (MZ)]", "action_flag": 3, "change_message": ""}}, {"model": "admin.logentry", "pk": 109, "fields": {"action_time": "2019-03-26T09:49:09.454Z", "user": 1, "content_type": 19, "object_id": "None", "object_repr": "Maputo [Mozambique (MZ)]", "action_flag": 3, "change_message": ""}}, {"model": "admin.logentry", "pk": 110, "fields": {"action_time": "2019-03-26T09:49:09.476Z", "user": 1, "content_type": 19, "object_id": "None", "object_repr": "Maputo City [Mozambique (MZ)]", "action_flag": 3, "change_message": ""}}, {"model": "admin.logentry", "pk": 111, "fields": {"action_time": "2019-03-26T09:49:10.017Z", "user": 1, "content_type": 19, "object_id": "None", "object_repr": "Mozambique [Mozambique (MZ)]", "action_flag": 3, "change_message": ""}}, {"model": "admin.logentry", "pk": 112, "fields": {"action_time": "2019-03-26T09:49:10.043Z", "user": 1, "content_type": 19, "object_id": "None", "object_repr": "Cabo Delgado [Mozambique (MZ)]", "action_flag": 3, "change_message": ""}}, {"model": "admin.logentry", "pk": 113, "fields": {"action_time": "2019-03-26T09:49:10.069Z", "user": 1, "content_type": 19, "object_id": "None", "object_repr": "Gaza [Mozambique (MZ)]", "action_flag": 3, "change_message": ""}}, {"model": "admin.logentry", "pk": 114, "fields": {"action_time": "2019-03-26T09:49:10.102Z", "user": 1, "content_type": 19, "object_id": "None", "object_repr": "Inhambane [Mozambique (MZ)]", "action_flag": 3, "change_message": ""}}, {"model": "admin.logentry", "pk": 115, "fields": {"action_time": "2019-03-26T09:49:10.121Z", "user": 1, "content_type": 19, "object_id": "None", "object_repr": "Manica [Mozambique (MZ)]", "action_flag": 3, "change_message": ""}}, {"model": "admin.logentry", "pk": 116, "fields": {"action_time": "2019-03-26T09:49:10.147Z", "user": 1, "content_type": 19, "object_id": "None", "object_repr": "Maputo [Mozambique (MZ)]", "action_flag": 3, "change_message": ""}}, {"model": "admin.logentry", "pk": 117, "fields": {"action_time": "2019-03-26T09:49:10.176Z", "user": 1, "content_type": 19, "object_id": "None", "object_repr": "Maputo City [Mozambique (MZ)]", "action_flag": 3, "change_message": ""}}, {"model": "admin.logentry", "pk": 118, "fields": {"action_time": "2019-03-26T09:49:10.243Z", "user": 1, "content_type": 19, "object_id": "None", "object_repr": "Nampula [Mozambique (MZ)]", "action_flag": 3, "change_message": ""}}, {"model": "admin.logentry", "pk": 119, "fields": {"action_time": "2019-03-26T09:49:10.299Z", "user": 1, "content_type": 19, "object_id": "None", "object_repr": "Niassa [Mozambique (MZ)]", "action_flag": 3, "change_message": ""}}, {"model": "admin.logentry", "pk": 120, "fields": {"action_time": "2019-03-26T09:49:10.371Z", "user": 1, "content_type": 19, "object_id": "None", "object_repr": "Sofala [Mozambique (MZ)]", "action_flag": 3, "change_message": ""}}, {"model": "admin.logentry", "pk": 121, "fields": {"action_time": "2019-03-26T09:49:10.438Z", "user": 1, "content_type": 19, "object_id": "None", "object_repr": "Tete [Mozambique (MZ)]", "action_flag": 3, "change_message": ""}}, {"model": "admin.logentry", "pk": 122, "fields": {"action_time": "2019-03-26T09:49:10.517Z", "user": 1, "content_type": 19, "object_id": "None", "object_repr": "Zambezia [Mozambique (MZ)]", "action_flag": 3, "change_message": ""}}, {"model": "admin.logentry", "pk": 123, "fields": {"action_time": "2019-03-26T13:36:40.650Z", "user": 1, "content_type": 19, "object_id": "5255", "object_repr": "ADM_01 [Mozambique (MZ)]", "action_flag": 1, "change_message": "[{\"added\": {}}]"}}, {"model": "admin.logentry", "pk": 124, "fields": {"action_time": "2019-03-26T13:37:37.795Z", "user": 1, "content_type": 19, "object_id": "5256", "object_repr": "ADM_02 [Mozambique (MZ)]", "action_flag": 1, "change_message": "[{\"added\": {}}]"}}, {"model": "admin.logentry", "pk": 125, "fields": {"action_time": "2019-03-26T13:45:57.752Z", "user": 1, "content_type": 19, "object_id": "5257", "object_repr": "ADM_01_2 [Mozambique (MZ)]", "action_flag": 1, "change_message": "[{\"added\": {}}]"}}, {"model": "admin.logentry", "pk": 126, "fields": {"action_time": "2019-03-26T14:04:45.059Z", "user": 1, "content_type": 19, "object_id": "5258", "object_repr": "ADM_01_3 [Mozambique (MZ)]", "action_flag": 1, "change_message": "[{\"added\": {}}]"}}, {"model": "django_fsm_log.statelog", "pk": 1, "fields": {"timestamp": "2019-03-16T21:03:18.841Z", "by": null, "source_state": "preparing", "state": "in progress", "transition": "process", "content_type": 15, "object_id": 6, "description": null}}, {"model": "django_fsm_log.statelog", "pk": 2, "fields": {"timestamp": "2019-03-19T12:33:43.093Z", "by": null, "source_state": "preparing", "state": "in progress", "transition": "process", "content_type": 15, "object_id": 7, "description": null}}, {"model": "django_fsm_log.statelog", "pk": 3, "fields": {"timestamp": "2019-03-19T12:34:16.780Z", "by": null, "source_state": "preparing", "state": "in progress", "transition": "process", "content_type": 15, "object_id": 7, "description": null}}, {"model": "django_fsm_log.statelog", "pk": 4, "fields": {"timestamp": "2019-03-19T12:34:17.464Z", "by": null, "source_state": "preparing", "state": "in progress", "transition": "process", "content_type": 15, "object_id": 8, "description": null}}, {"model": "django_fsm_log.statelog", "pk": 5, "fields": {"timestamp": "2019-03-19T14:01:55.656Z", "by": null, "source_state": "preparing", "state": "in progress", "transition": "process", "content_type": 15, "object_id": 7, "description": null}}, {"model": "django_fsm_log.statelog", "pk": 6, "fields": {"timestamp": "2019-03-19T14:01:56.565Z", "by": null, "source_state": "preparing", "state": "in progress", "transition": "process", "content_type": 15, "object_id": 8, "description": null}}, {"model": "django_fsm_log.statelog", "pk": 7, "fields": {"timestamp": "2019-03-19T14:04:32.599Z", "by": null, "source_state": "preparing", "state": "in progress", "transition": "process", "content_type": 15, "object_id": 7, "description": null}}, {"model": "django_fsm_log.statelog", "pk": 8, "fields": {"timestamp": "2019-03-19T14:04:33.188Z", "by": null, "source_state": "preparing", "state": "in progress", "transition": "process", "content_type": 15, "object_id": 8, "description": null}}, {"model": "django_fsm_log.statelog", "pk": 9, "fields": {"timestamp": "2019-03-20T09:00:18.490Z", "by": null, "source_state": "preparing", "state": "in progress", "transition": "process", "content_type": 15, "object_id": 9, "description": null}}, {"model": "django_fsm_log.statelog", "pk": 10, "fields": {"timestamp": "2019-03-20T09:05:26.657Z", "by": null, "source_state": "preparing", "state": "in progress", "transition": "process", "content_type": 15, "object_id": 9, "description": null}}, {"model": "django_fsm_log.statelog", "pk": 11, "fields": {"timestamp": "2019-03-20T09:10:11.880Z", "by": null, "source_state": "preparing", "state": "in progress", "transition": "process", "content_type": 15, "object_id": 9, "description": null}}, {"model": "django_fsm_log.statelog", "pk": 12, "fields": {"timestamp": "2019-03-20T09:12:11.496Z", "by": null, "source_state": "preparing", "state": "in progress", "transition": "process", "content_type": 15, "object_id": 9, "description": null}}, {"model": "django_fsm_log.statelog", "pk": 13, "fields": {"timestamp": "2019-03-20T09:29:50.836Z", "by": null, "source_state": "preparing", "state": "in progress", "transition": "process", "content_type": 15, "object_id": 10, "description": null}}, {"model": "django_fsm_log.statelog", "pk": 14, "fields": {"timestamp": "2019-03-20T09:56:26.888Z", "by": null, "source_state": "preparing", "state": "in progress", "transition": "process", "content_type": 15, "object_id": 11, "description": null}}, {"model": "django_fsm_log.statelog", "pk": 15, "fields": {"timestamp": "2019-03-20T09:57:40.898Z", "by": null, "source_state": "preparing", "state": "in progress", "transition": "process", "content_type": 15, "object_id": 11, "description": null}}, {"model": "django_fsm_log.statelog", "pk": 16, "fields": {"timestamp": "2019-03-20T09:57:48.214Z", "by": null, "source_state": "preparing", "state": "in progress", "transition": "process", "content_type": 15, "object_id": 12, "description": null}}, {"model": "django_fsm_log.statelog", "pk": 17, "fields": {"timestamp": "2019-03-20T09:58:16.162Z", "by": null, "source_state": "preparing", "state": "in progress", "transition": "process", "content_type": 15, "object_id": 13, "description": null}}, {"model": "django_fsm_log.statelog", "pk": 18, "fields": {"timestamp": "2019-03-20T10:01:20.198Z", "by": null, "source_state": "preparing", "state": "in progress", "transition": "process", "content_type": 15, "object_id": 14, "description": null}}, {"model": "django_fsm_log.statelog", "pk": 19, "fields": {"timestamp": "2019-03-20T12:35:59.368Z", "by": null, "source_state": "preparing", "state": "in progress", "transition": "process", "content_type": 15, "object_id": 18, "description": null}}, {"model": "django_fsm_log.statelog", "pk": 20, "fields": {"timestamp": "2019-03-20T12:36:00.653Z", "by": null, "source_state": "preparing", "state": "in progress", "transition": "process", "content_type": 15, "object_id": 19, "description": null}}, {"model": "django_fsm_log.statelog", "pk": 21, "fields": {"timestamp": "2019-03-20T12:36:01.939Z", "by": null, "source_state": "preparing", "state": "in progress", "transition": "process", "content_type": 15, "object_id": 20, "description": null}}, {"model": "django_fsm_log.statelog", "pk": 22, "fields": {"timestamp": "2019-03-20T12:36:03.025Z", "by": null, "source_state": "preparing", "state": "in progress", "transition": "process", "content_type": 15, "object_id": 21, "description": null}}, {"model": "django_fsm_log.statelog", "pk": 23, "fields": {"timestamp": "2019-03-20T12:37:10.095Z", "by": null, "source_state": "preparing", "state": "in progress", "transition": "process", "content_type": 15, "object_id": 18, "description": null}}, {"model": "django_fsm_log.statelog", "pk": 24, "fields": {"timestamp": "2019-03-20T12:37:11.377Z", "by": null, "source_state": "preparing", "state": "in progress", "transition": "process", "content_type": 15, "object_id": 19, "description": null}}, {"model": "django_fsm_log.statelog", "pk": 25, "fields": {"timestamp": "2019-03-20T12:37:12.639Z", "by": null, "source_state": "preparing", "state": "in progress", "transition": "process", "content_type": 15, "object_id": 20, "description": null}}, {"model": "django_fsm_log.statelog", "pk": 26, "fields": {"timestamp": "2019-03-20T12:37:13.670Z", "by": null, "source_state": "preparing", "state": "in progress", "transition": "process", "content_type": 15, "object_id": 21, "description": null}}, {"model": "django_fsm_log.statelog", "pk": 27, "fields": {"timestamp": "2019-03-20T14:18:31.297Z", "by": null, "source_state": "preparing", "state": "in progress", "transition": "process", "content_type": 15, "object_id": 18, "description": null}}, {"model": "django_fsm_log.statelog", "pk": 28, "fields": {"timestamp": "2019-03-20T14:18:42.277Z", "by": null, "source_state": "preparing", "state": "in progress", "transition": "process", "content_type": 15, "object_id": 19, "description": null}}, {"model": "django_fsm_log.statelog", "pk": 29, "fields": {"timestamp": "2019-03-20T14:19:18.787Z", "by": null, "source_state": "preparing", "state": "in progress", "transition": "process", "content_type": 15, "object_id": 20, "description": null}}, {"model": "django_fsm_log.statelog", "pk": 30, "fields": {"timestamp": "2019-03-20T14:21:01.024Z", "by": null, "source_state": "preparing", "state": "in progress", "transition": "process", "content_type": 15, "object_id": 21, "description": null}}, {"model": "django_fsm_log.statelog", "pk": 31, "fields": {"timestamp": "2019-03-20T18:10:23.468Z", "by": null, "source_state": "preparing", "state": "in progress", "transition": "process", "content_type": 15, "object_id": 22, "description": null}}, {"model": "django_fsm_log.statelog", "pk": 32, "fields": {"timestamp": "2019-03-20T18:10:40.876Z", "by": null, "source_state": "preparing", "state": "in progress", "transition": "process", "content_type": 15, "object_id": 23, "description": null}}, {"model": "django_fsm_log.statelog", "pk": 33, "fields": {"timestamp": "2019-03-20T18:11:43.534Z", "by": null, "source_state": "preparing", "state": "in progress", "transition": "process", "content_type": 15, "object_id": 24, "description": null}}, {"model": "django_fsm_log.statelog", "pk": 34, "fields": {"timestamp": "2019-03-20T20:00:53.882Z", "by": null, "source_state": "preparing", "state": "in progress", "transition": "process", "content_type": 15, "object_id": 25, "description": null}}, {"model": "django_fsm_log.statelog", "pk": 35, "fields": {"timestamp": "2019-03-21T08:22:39.140Z", "by": null, "source_state": "preparing", "state": "in progress", "transition": "process", "content_type": 15, "object_id": 26, "description": null}}, {"model": "django_fsm_log.statelog", "pk": 36, "fields": {"timestamp": "2019-03-21T19:11:41.126Z", "by": null, "source_state": "preparing", "state": "in progress", "transition": "process", "content_type": 15, "object_id": 27, "description": null}}, {"model": "django_fsm_log.statelog", "pk": 37, "fields": {"timestamp": "2019-03-21T19:11:41.642Z", "by": null, "source_state": "preparing", "state": "in progress", "transition": "process", "content_type": 15, "object_id": 28, "description": null}}, {"model": "django_fsm_log.statelog", "pk": 38, "fields": {"timestamp": "2019-03-21T19:13:18.761Z", "by": null, "source_state": "preparing", "state": "in progress", "transition": "process", "content_type": 15, "object_id": 27, "description": null}}, {"model": "django_fsm_log.statelog", "pk": 39, "fields": {"timestamp": "2019-03-21T19:13:19.332Z", "by": null, "source_state": "preparing", "state": "in progress", "transition": "process", "content_type": 15, "object_id": 28, "description": null}}, {"model": "django_fsm_log.statelog", "pk": 40, "fields": {"timestamp": "2019-03-21T19:17:11.149Z", "by": null, "source_state": "preparing", "state": "in progress", "transition": "process", "content_type": 15, "object_id": 27, "description": null}}, {"model": "django_fsm_log.statelog", "pk": 41, "fields": {"timestamp": "2019-03-21T19:17:11.814Z", "by": null, "source_state": "preparing", "state": "in progress", "transition": "process", "content_type": 15, "object_id": 28, "description": null}}, {"model": "django_fsm_log.statelog", "pk": 42, "fields": {"timestamp": "2019-03-21T19:17:16.179Z", "by": null, "source_state": "preparing", "state": "in progress", "transition": "process", "content_type": 15, "object_id": 27, "description": null}}, {"model": "django_fsm_log.statelog", "pk": 43, "fields": {"timestamp": "2019-03-21T19:17:16.481Z", "by": null, "source_state": "preparing", "state": "in progress", "transition": "process", "content_type": 15, "object_id": 28, "description": null}}, {"model": "django_fsm_log.statelog", "pk": 44, "fields": {"timestamp": "2019-03-21T19:19:48.356Z", "by": null, "source_state": "preparing", "state": "in progress", "transition": "process", "content_type": 15, "object_id": 29, "description": null}}, {"model": "django_fsm_log.statelog", "pk": 45, "fields": {"timestamp": "2019-03-21T19:19:56.440Z", "by": null, "source_state": "preparing", "state": "in progress", "transition": "process", "content_type": 15, "object_id": 30, "description": null}}, {"model": "django_fsm_log.statelog", "pk": 46, "fields": {"timestamp": "2019-03-21T19:23:30.377Z", "by": null, "source_state": "preparing", "state": "in progress", "transition": "process", "content_type": 15, "object_id": 31, "description": null}}, {"model": "django_fsm_log.statelog", "pk": 47, "fields": {"timestamp": "2019-03-21T19:23:39.049Z", "by": null, "source_state": "preparing", "state": "in progress", "transition": "process", "content_type": 15, "object_id": 32, "description": null}}, {"model": "django_fsm_log.statelog", "pk": 48, "fields": {"timestamp": "2019-03-21T19:30:24.976Z", "by": null, "source_state": "preparing", "state": "in progress", "transition": "process", "content_type": 15, "object_id": 33, "description": null}}, {"model": "django_fsm_log.statelog", "pk": 49, "fields": {"timestamp": "2019-03-21T19:30:32.053Z", "by": null, "source_state": "preparing", "state": "in progress", "transition": "process", "content_type": 15, "object_id": 34, "description": null}}, {"model": "django_fsm_log.statelog", "pk": 50, "fields": {"timestamp": "2019-03-21T19:59:51.527Z", "by": null, "source_state": "preparing", "state": "in progress", "transition": "process", "content_type": 15, "object_id": 35, "description": null}}, {"model": "django_fsm_log.statelog", "pk": 51, "fields": {"timestamp": "2019-03-21T20:00:04.399Z", "by": null, "source_state": "preparing", "state": "in progress", "transition": "process", "content_type": 15, "object_id": 36, "description": null}}, {"model": "core.upload", "pk": 14, "fields": {"date": "2019-03-21T19:11:37.049Z", "file": "mwi_ver01_jSjb7ZT.zip", "user": 1, "metadata": null}}, {"model": "core.upload", "pk": 15, "fields": {"date": "2019-03-21T19:19:41.648Z", "file": "moz_ver01_QrW8pEH.zip", "user": 1, "metadata": null}}, {"model": "core.upload", "pk": 16, "fields": {"date": "2019-03-21T19:23:24.358Z", "file": "moz_ver02_jONWS9D.zip", "user": 1, "metadata": null}}, {"model": "core.upload", "pk": 17, "fields": {"date": "2019-03-21T19:30:18.333Z", "file": "moz_ver01_LXgEgyQ.zip", "user": 1, "metadata": null}}, {"model": "core.upload", "pk": 18, "fields": {"date": "2019-03-21T19:59:42.271Z", "file": "moz_ver02_L4FL5jA.zip", "user": 1, "metadata": null}}]